Username,Password
guest-00078,NnNqT6w4
guest-00073,eOYb6Sdv
guest-00074,Ivx9Hl81
guest-00075,JzZtP9q0
guest-00076,KoOxR7d2
guest-00077,LmMpS8e3
guest-00078,NnNqT6w4
guest-00073,eOYb6Sdv
guest-00074,Ivx9Hl81
guest-00073,eOYb6Sdv
guest-00074,Ivx9Hl81
guest-00075,JzZtP9q0
guest-00076,KoOxR7d2
guest-00077,LmMpS8e3
guest-00078,NnNqT6w4
guest-00073,eOYb6Sdv
guest-00074,Ivx9Hl81
guest-00073,eOYb6Sdv
guest-00074,Ivx9Hl81
guest-00075,JzZtP9q0
guest-00076,KoOxR7d2
guest-00077,LmMpS8e3
guest-00078,NnNqT6w4
guest-00073,eOYb6Sdv
guest-00074,Ivx9Hl81
guest-00073,eOYb6Sdv
guest-00074,Ivx9Hl81
guest-00075,JzZtP9q0
guest-00076,KoOxR7d2
guest-00077,LmMpS8e3
guest-00078,NnNqT6w4
guest-00073,eOYb6Sdv
guest-00074,Ivx9Hl81
